{
    "$schema": "https://schema.management.azure.com/schemas/2015-01-01/deploymentParameters.json#",
    "contentVersion": "1.0.0.0",
    "parameters": {
        "serverName": {
            "value": "testmysqlyuntalk"
        },
        "location": {
            "value": "chinanorth2"
        },
        "skuName": {
            "value": "B_Gen5_1"
        },
        "skuTier": {
            "value": "Basic"
        },
        "skuCapacity": {
            "value": 1
        },
        "skuFamily": {
            "value": "Gen5"
        },
        "skuSizeMB": {
            "value": 51200
        },
        "backupRetentionDays": {
            "value": 7
        },
        "geoRedundantBackup": {
            "value": "Disabled"
        },
        "storageAutoGrow": {
            "value": "Enabled"
        },
        "tags": {
            "value": {}
        },
        "administratorLogin": {
            "value": "wordpress"
        },
        "administratorLoginPassword": {
            "value": null
        },
        "previewFeature": {
            "value": ""
        },
        "version": {
            "value": "5.7"
        }
    }
}