{
    "$schema": "http://schema.management.azure.com/schemas/2014-04-01-preview/deploymentTemplate.json#",
    "contentVersion": "1.0.0.0",
    "parameters": {
        "administratorLogin": {
            "type": "string"
        },
        "administratorLoginPassword": {
            "type": "securestring"
        },
        "location": {
            "type": "string"
        },
        "serverName": {
            "type": "string"
        },
        "skuCapacity": {
            "type": "int"
        },
        "skuFamily": {
            "type": "string"
        },
        "skuName": {
            "type": "string"
        },
        "skuSizeMB": {
            "type": "int"
        },
        "skuTier": {
            "type": "string"
        },
        "version": {
            "type": "string"
        },
        "backupRetentionDays": {
            "type": "int"
        },
        "geoRedundantBackup": {
            "type": "string"
        },
        "previewFeature": {
            "type": "string",
            "defaultValue": ""
        },
        "tags": {
            "type": "object",
            "defaultValue": {}
        },
        "storageAutoGrow": {
            "type": "string",
            "defaultValue": "Disabled"
        }
    },
    "resources": [
        {
            "apiVersion": "2017-12-01-preview",
            "kind": "",
            "location": "[parameters('location')]",
            "name": "[parameters('serverName')]",
            "properties": {
                "version": "[parameters('version')]",
                "administratorLogin": "[parameters('administratorLogin')]",
                "administratorLoginPassword": "[parameters('administratorLoginPassword')]",
                "storageProfile": {
                    "storageMB": "[parameters('skuSizeMB')]",
                    "backupRetentionDays": "[parameters('backupRetentionDays')]",
                    "geoRedundantBackup": "[parameters('geoRedundantBackup')]",
                    "storageAutoGrow": "[parameters('storageAutoGrow')]"
                },
                "previewFeature": "[parameters('previewFeature')]"
            },
            "sku": {
                "name": "[parameters('skuName')]",
                "tier": "[parameters('skuTier')]",
                "capacity": "[parameters('skuCapacity')]",
                "size": "[parameters('skuSizeMB')]",
                "family": "[parameters('skuFamily')]"
            },
            "tags": "[parameters('tags')]",
            "type": "Microsoft.DBforMySQL/servers"
        }
    ],
    "variables": {}
}